Encrypt,,
0,1620389931.542726,1620389931.574715
1,1620389931.676717,1620389931.699756
2,1620389931.816502,1620389931.836196
3,1620389931.956605,1620389931.974492
4,1620389932.104627,1620389932.123186
5,1620389932.244614,1620389932.262436
6,1620389932.388684,1620389932.406478
7,1620389932.524652,1620389932.542380
8,1620389932.664505,1620389932.682483
9,1620389932.800636,1620389932.818310
10,1620389932.944662,1620389932.962345
11,1620389933.080537,1620389933.098233
12,1620389933.216658,1620389933.234462
13,1620389933.352587,1620389933.370254
14,1620389933.496579,1620389933.514309
15,1620389933.640574,1620389933.659786
16,1620389933.780495,1620389933.798213
17,1620389933.916582,1620389933.934303
18,1620389934.056487,1620389934.074723
19,1620389934.192590,1620389934.211740
20,1620389934.344553,1620389934.362495
21,1620389934.480510,1620389934.498269
22,1620389934.624774,1620389934.643850
23,1620389934.772560,1620389934.790328
24,1620389934.916679,1620389934.934327
25,1620389935.064654,1620389935.083975
26,1620389935.208594,1620389935.226490
27,1620389935.344500,1620389935.362188
28,1620389935.480536,1620389935.498206
29,1620389935.624464,1620389935.643602
30,1620389935.772693,1620389935.790373
31,1620389935.928724,1620389935.946501
32,1620389936.068614,1620389936.086347
33,1620389936.208466,1620389936.227282
34,1620389936.344666,1620389936.362429
35,1620389936.484647,1620389936.502376
36,1620389936.620514,1620389936.639286
37,1620389936.760700,1620389936.778360
38,1620389936.900584,1620389936.918426
39,1620389937.048661,1620389937.066431
40,1620389937.192656,1620389937.210915
41,1620389937.340488,1620389937.358483
42,1620389937.476472,1620389937.495659
43,1620389937.612594,1620389937.630684
44,1620389937.748473,1620389937.766468
45,1620389937.892479,1620389937.910269
46,1620389938.028676,1620389938.046361
47,1620389938.164716,1620389938.183725
48,1620389938.300649,1620389938.318757
49,1620389938.444559,1620389938.462182
50,1620389938.580476,1620389938.598047
51,1620389938.716477,1620389938.735510
52,1620389938.856592,1620389938.874169
53,1620389939.008579,1620389939.026276
54,1620389939.160544,1620389939.179458
55,1620389939.296574,1620389939.314606
56,1620389939.436482,1620389939.454349
57,1620389939.572528,1620389939.590583
58,1620389939.708459,1620389939.727526
59,1620389939.860462,1620389939.878478
60,1620389939.992559,1620389940.010723
61,1620389940.136658,1620389940.155722
62,1620389940.276546,1620389940.294775
63,1620389940.436655,1620389940.454545
64,1620389940.564640,1620389940.582357
65,1620389940.700521,1620389940.718532
66,1620389940.836708,1620389940.854499
67,1620389940.992622,1620389941.010272
68,1620389941.132569,1620389941.151834
69,1620389941.292611,1620389941.310210
70,1620389941.428555,1620389941.446192
71,1620389941.580607,1620389941.598370
72,1620389941.720554,1620389941.738310
73,1620389941.864723,1620389941.882608
74,1620389942.012661,1620389942.030574
75,1620389942.152772,1620389942.171030
76,1620389942.288610,1620389942.306575
77,1620389942.424556,1620389942.442409
78,1620389942.576750,1620389942.594339
79,1620389942.712652,1620389942.730287
80,1620389942.852480,1620389942.870086
81,1620389943.000511,1620389943.018222
82,1620389943.160657,1620389943.178227
83,1620389943.304665,1620389943.322379
84,1620389943.464561,1620389943.482157
85,1620389943.600641,1620389943.618566
86,1620389943.740541,1620389943.758639
87,1620389943.884493,1620389943.902517
88,1620389944.040694,1620389944.058949
89,1620389944.192642,1620389944.211137
90,1620389944.328551,1620389944.346470
91,1620389944.468628,1620389944.486688
92,1620389944.612644,1620389944.630661
93,1620389944.748506,1620389944.766756
94,1620389944.884656,1620389944.901917
95,1620389945.020631,1620389945.038415
96,1620389945.180480,1620389945.199532
97,1620389945.328615,1620389945.346257
98,1620389945.484615,1620389945.502427
99,1620389945.620527,1620389945.638104
100,1620389945.768426,1620389945.786083
101,1620389945.912638,1620389945.930274
102,1620389946.044732,1620389946.062348
103,1620389946.188677,1620389946.206382
104,1620389946.324630,1620389946.342349
105,1620389946.464750,1620389946.482547
106,1620389946.600475,1620389946.618219
107,1620389946.736543,1620389946.754407
108,1620389946.880644,1620389946.898511
109,1620389947.016760,1620389947.034611
110,1620389947.156561,1620389947.174986
111,1620389947.296539,1620389947.314294
112,1620389947.432658,1620389947.450661
113,1620389947.580466,1620389947.598083
114,1620389947.724498,1620389947.742196
115,1620389947.872703,1620389947.890378
116,1620389948.008537,1620389948.026103
117,1620389948.152536,1620389948.171500
118,1620389948.288431,1620389948.306106
119,1620389948.424640,1620389948.442326
120,1620389948.560534,1620389948.578212
121,1620389948.696636,1620389948.714528
122,1620389948.832644,1620389948.850282
123,1620389948.968633,1620389948.986465
124,1620389949.108658,1620389949.126358
125,1620389949.240712,1620389949.258563
126,1620389949.376565,1620389949.394342
127,1620389949.512643,1620389949.530477
128,1620389949.660555,1620389949.679599
129,1620389949.808710,1620389949.827825
130,1620389949.956689,1620389949.974721
131,1620389950.092606,1620389950.111353
132,1620389950.228703,1620389950.246633
133,1620389950.364633,1620389950.382460
134,1620389950.512510,1620389950.530517
135,1620389950.648466,1620389950.667520
136,1620389950.780606,1620389950.798275
137,1620389950.932443,1620389950.950097
138,1620389951.080463,1620389951.098114
139,1620389951.216597,1620389951.235575
140,1620389951.356574,1620389951.374278
141,1620389951.504559,1620389951.522371
142,1620389951.640452,1620389951.658913
143,1620389951.776577,1620389951.795793
144,1620389951.916932,1620389951.939149
145,1620389952.052686,1620389952.075029
146,1620389952.188837,1620389952.212767
147,1620389952.328727,1620389952.353008
148,1620389952.476521,1620389952.499889
149,1620389952.604851,1620389952.623794
150,1620389952.752616,1620389952.770971
151,1620389952.896634,1620389952.915398
152,1620389953.048592,1620389953.066483
153,1620389953.192765,1620389953.211193
154,1620389953.328742,1620389953.346699
155,1620389953.468488,1620389953.486395
156,1620389953.604848,1620389953.622706
157,1620389953.744737,1620389953.762321
158,1620389953.884694,1620389953.902251
159,1620389954.020628,1620389954.038217
160,1620389954.156592,1620389954.175559
161,1620389954.296675,1620389954.314330
162,1620389954.440469,1620389954.458116
163,1620389954.576471,1620389954.594038
164,1620389954.712615,1620389954.731577
165,1620389954.848717,1620389954.866644
166,1620389954.984636,1620389955.002335
167,1620389955.124636,1620389955.142158
168,1620389955.268613,1620389955.286233
169,1620389955.408538,1620389955.426232
170,1620389955.552443,1620389955.570076
171,1620389955.688653,1620389955.706644
172,1620389955.828559,1620389955.846064
173,1620389955.964474,1620389955.982214
174,1620389956.100529,1620389956.118033
175,1620389956.236479,1620389956.254059
176,1620389956.380594,1620389956.398176
177,1620389956.532619,1620389956.550350
178,1620389956.680463,1620389956.699439
179,1620389956.824752,1620389956.842324
180,1620389956.968479,1620389956.986327
181,1620389957.104552,1620389957.122121
182,1620389957.244738,1620389957.262617
183,1620389957.388784,1620389957.406675
184,1620389957.524561,1620389957.542292
185,1620389957.660460,1620389957.679167
186,1620389957.796460,1620389957.814764
187,1620389957.936287,1620389957.954257
188,1620389958.076603,1620389958.094490
189,1620389958.220296,1620389958.239355
190,1620389958.368429,1620389958.390701
191,1620389958.508247,1620389958.526951
192,1620389958.644231,1620389958.662129
193,1620389958.788207,1620389958.806428
194,1620389958.928297,1620389958.946237
195,1620389959.064509,1620389959.082546
196,1620389959.208528,1620389959.227479
197,1620389959.352603,1620389959.371485
198,1620389959.496567,1620389959.515480
199,1620389959.632471,1620389959.650310
200,1620389959.780621,1620389959.798637
201,1620389959.916537,1620389959.934364
202,1620389960.056708,1620389960.074536
203,1620389960.192579,1620389960.210562
204,1620389960.328644,1620389960.346296
205,1620389960.476588,1620389960.494299
206,1620389960.612652,1620389960.630401
207,1620389960.760561,1620389960.778315
208,1620389960.896490,1620389960.914009
209,1620389961.032550,1620389961.050184
210,1620389961.177477,1620389961.196413
211,1620389961.324483,1620389961.342518
212,1620389961.460464,1620389961.478233
213,1620389961.604504,1620389961.622317
214,1620389961.744619,1620389961.763706
215,1620389961.884606,1620389961.902389
216,1620389962.020629,1620389962.038356
217,1620389962.160492,1620389962.178417
218,1620389962.300455,1620389962.318455
219,1620389962.440527,1620389962.458197
220,1620389962.580502,1620389962.599132
221,1620389962.712491,1620389962.730635
222,1620389962.848500,1620389962.866527
223,1620389962.984644,1620389963.002684
224,1620389963.120585,1620389963.138795
225,1620389963.256457,1620389963.275386
226,1620389963.400503,1620389963.419432
227,1620389963.536723,1620389963.555714
228,1620389963.680478,1620389963.699785
229,1620389963.832563,1620389963.851355
230,1620389963.968725,1620389963.987759
231,1620389964.108461,1620389964.127447
232,1620389964.244460,1620389964.263504
233,1620389964.384506,1620389964.403382
234,1620389964.516489,1620389964.535333
235,1620389964.652716,1620389964.671617
236,1620389964.788468,1620389964.807912
237,1620389964.955761,1620389964.973873
238,1620389965.092680,1620389965.111735
239,1620389965.228591,1620389965.247775
240,1620389965.376520,1620389965.395549
241,1620389965.528624,1620389965.547641
242,1620389965.664564,1620389965.683546
243,1620389965.800627,1620389965.819810
244,1620389965.940630,1620389965.959565
245,1620389966.076681,1620389966.095626
246,1620389966.212690,1620389966.231799
247,1620389966.348496,1620389966.367366
248,1620389966.492587,1620389966.511565
249,1620389966.628618,1620389966.647648
250,1620389966.764599,1620389966.783708
251,1620389966.900462,1620389966.918312
252,1620389967.036572,1620389967.054581
253,1620389967.176457,1620389967.194404
254,1620389967.312663,1620389967.330696
255,1620389967.456602,1620389967.474445
256,1620389967.592718,1620389967.610496
257,1620389967.728652,1620389967.747637
258,1620389967.864601,1620389967.882416
259,1620389968.004512,1620389968.022331
260,1620389968.152718,1620389968.170318
261,1620389968.292514,1620389968.311587
262,1620389968.428530,1620389968.450378
263,1620389968.568682,1620389968.587079
264,1620389968.716672,1620389968.734636
265,1620389968.852536,1620389968.871186
266,1620389968.988542,1620389969.006257
267,1620389969.124628,1620389969.142894
268,1620389969.260506,1620389969.278127
269,1620389969.396616,1620389969.414854
270,1620389969.536677,1620389969.555224
271,1620389969.664552,1620389969.682082
272,1620389969.800735,1620389969.818269
273,1620389969.936480,1620389969.954223
274,1620389970.080642,1620389970.098490
275,1620389970.212466,1620389970.229890
276,1620389970.348504,1620389970.366690
277,1620389970.488464,1620389970.506368
278,1620389970.632505,1620389970.650655
279,1620389970.768619,1620389970.787196
280,1620389970.904698,1620389970.922453
281,1620389971.044504,1620389971.062782
282,1620389971.188739,1620389971.207183
283,1620389971.332797,1620389971.351297
284,1620389971.468683,1620389971.486614
285,1620389971.604511,1620389971.622295
286,1620389971.740735,1620389971.758527
287,1620389971.876750,1620389971.894605
288,1620389972.012710,1620389972.030380
289,1620389972.156674,1620389972.175233
290,1620389972.300480,1620389972.318829
291,1620389972.436602,1620389972.455030
292,1620389972.572607,1620389972.590788
293,1620389972.716527,1620389972.734601
294,1620389972.852645,1620389972.870778
295,1620389972.992693,1620389973.010807
296,1620389973.128620,1620389973.146606
297,1620389973.264715,1620389973.282309
298,1620389973.408630,1620389973.426678
299,1620389973.544658,1620389973.562139
300,1620389973.692672,1620389973.710588
301,1620389973.832571,1620389973.850439
302,1620389973.972560,1620389973.990599
303,1620389974.104527,1620389974.122419
304,1620389974.244625,1620389974.262618
305,1620389974.388550,1620389974.406416
306,1620389974.528518,1620389974.546635
307,1620389974.664511,1620389974.682129
308,1620389974.800639,1620389974.818523
309,1620389974.936749,1620389974.954325
310,1620389975.080545,1620389975.098551
311,1620389975.212486,1620389975.230289
312,1620389975.352666,1620389975.370744
313,1620389975.504623,1620389975.521738
314,1620389975.648560,1620389975.665983
315,1620389975.784518,1620389975.802031
316,1620389975.944601,1620389975.961879
317,1620389976.096493,1620389976.114170
318,1620389976.232703,1620389976.250318
319,1620389976.372570,1620389976.390482
320,1620389976.520585,1620389976.538141
321,1620389976.660724,1620389976.678769
322,1620389976.792663,1620389976.810029
323,1620389976.936655,1620389976.953875
324,1620389977.096525,1620389977.114209
325,1620389977.232570,1620389977.250060
326,1620389977.384558,1620389977.402427
327,1620389977.524685,1620389977.542140
328,1620389977.664551,1620389977.682463
329,1620389977.796756,1620389977.814613
330,1620389977.936518,1620389977.953981
331,1620389978.076594,1620389978.094484
332,1620389978.212480,1620389978.229780
333,1620389978.352581,1620389978.370180
334,1620389978.488690,1620389978.505938
335,1620389978.632590,1620389978.650253
336,1620389978.768956,1620389978.786556
337,1620389978.908744,1620389978.926649
338,1620389979.048707,1620389979.066485
339,1620389979.184600,1620389979.202047
340,1620389979.328735,1620389979.346728
341,1620389979.472484,1620389979.490076
342,1620389979.616511,1620389979.633939
343,1620389979.760638,1620389979.778635
344,1620389979.908565,1620389979.926115
345,1620389980.052716,1620389980.070182
346,1620389980.188614,1620389980.206623
347,1620389980.336581,1620389980.354431
348,1620389980.480641,1620389980.498859
349,1620389980.624502,1620389980.642409
350,1620389980.768494,1620389980.786722
351,1620389980.916506,1620389980.934292
352,1620389981.060649,1620389981.078287
353,1620389981.208650,1620389981.226632
354,1620389981.340643,1620389981.359304
355,1620389981.484648,1620389981.502724
356,1620389981.620777,1620389981.638545
357,1620389981.756743,1620389981.774395
358,1620389981.900543,1620389981.918507
359,1620389982.044509,1620389982.062073
360,1620389982.180719,1620389982.198919
361,1620389982.320713,1620389982.338418
362,1620389982.456316,1620389982.474716
363,1620389982.592821,1620389982.611091
364,1620389982.740559,1620389982.758491
365,1620389982.884642,1620389982.902571
366,1620389983.028493,1620389983.046801
367,1620389983.176696,1620389983.194293
368,1620389983.324503,1620389983.342463
369,1620389983.468497,1620389983.486149
370,1620389983.604654,1620389983.622276
371,1620389983.740619,1620389983.758432
372,1620389983.884552,1620389983.902516
373,1620389984.028699,1620389984.046366
374,1620389984.176495,1620389984.194618
375,1620389984.336560,1620389984.354623
376,1620389984.468646,1620389984.486811
377,1620389984.604716,1620389984.622347
378,1620389984.748631,1620389984.766547
379,1620389984.884629,1620389984.902475
380,1620389985.020492,1620389985.038518
381,1620389985.180636,1620389985.198383
382,1620389985.320630,1620389985.338539
383,1620389985.456742,1620389985.474756
384,1620389985.592672,1620389985.610279
385,1620389985.748745,1620389985.766983
386,1620389985.884631,1620389985.902523
387,1620389986.020615,1620389986.038829
388,1620389986.160613,1620389986.178760
389,1620389986.296642,1620389986.314940
390,1620389986.432899,1620389986.451520
391,1620389986.564515,1620389986.582694
392,1620389986.712479,1620389986.730734
393,1620389986.860666,1620389986.878598
394,1620389986.992730,1620389987.011063
395,1620389987.120515,1620389987.138631
396,1620389987.252651,1620389987.270887
397,1620389987.388519,1620389987.406752
398,1620389987.536652,1620389987.554949
399,1620389987.680660,1620389987.698719
400,1620389987.820629,1620389987.838608
401,1620389987.964529,1620389987.982609
402,1620389988.096568,1620389988.114624
403,1620389988.236525,1620389988.254580
404,1620389988.372786,1620389988.391333
405,1620389988.508600,1620389988.526509
406,1620389988.644573,1620389988.662775
407,1620389988.788495,1620389988.806438
408,1620389988.920501,1620389988.938857
409,1620389989.056478,1620389989.074271
410,1620389989.192588,1620389989.210466
411,1620389989.336546,1620389989.354293
412,1620389989.472480,1620389989.490605
413,1620389989.612598,1620389989.630350
414,1620389989.756472,1620389989.774573
415,1620389989.900482,1620389989.918064
416,1620389990.044463,1620389990.062437
417,1620389990.176681,1620389990.194532
418,1620389990.304533,1620389990.323139
419,1620389990.440533,1620389990.458366
420,1620389990.576676,1620389990.594287
421,1620389990.724515,1620389990.742630
422,1620389990.864533,1620389990.882441
423,1620389991.004500,1620389991.022820
424,1620389991.136643,1620389991.154563
425,1620389991.272660,1620389991.290594
426,1620389991.424587,1620389991.442864
427,1620389991.560696,1620389991.578640
428,1620389991.708653,1620389991.726520
429,1620389991.852542,1620389991.870272
430,1620389991.996517,1620389992.014314
431,1620389992.132723,1620389992.150872
432,1620389992.264658,1620389992.282521
433,1620389992.412777,1620389992.431571
434,1620389992.556589,1620389992.575033
435,1620389992.700541,1620389992.718526
436,1620389992.836662,1620389992.854511
437,1620389992.980621,1620389992.998677
438,1620389993.120507,1620389993.138732
439,1620389993.252567,1620389993.270407
440,1620389993.392554,1620389993.410637
441,1620389993.532635,1620389993.550672
442,1620389993.676529,1620389993.694443
443,1620389993.816558,1620389993.834653
444,1620389993.964953,1620389993.983083
445,1620389994.100498,1620389994.118425
446,1620389994.248665,1620389994.266419
447,1620389994.392659,1620389994.410862
448,1620389994.536617,1620389994.554658
449,1620389994.676580,1620389994.694591
450,1620389994.812652,1620389994.830630
451,1620389994.952619,1620389994.970529
452,1620389995.088680,1620389995.106512
453,1620389995.220656,1620389995.238616
454,1620389995.360663,1620389995.378326
455,1620389995.496490,1620389995.514704
456,1620389995.632502,1620389995.650170
457,1620389995.768658,1620389995.786798
458,1620389995.904503,1620389995.922201
459,1620389996.040694,1620389996.058286
460,1620389996.176464,1620389996.194808
461,1620389996.308596,1620389996.326484
462,1620389996.444525,1620389996.462709
463,1620389996.588494,1620389996.606784
464,1620389996.736598,1620389996.754308
465,1620389996.872722,1620389996.890782
466,1620389997.004609,1620389997.022252
467,1620389997.140630,1620389997.158962
468,1620389997.276723,1620389997.294327
469,1620389997.420493,1620389997.438210
470,1620389997.560714,1620389997.579023
471,1620389997.704835,1620389997.722709
472,1620389997.840670,1620389997.858471
473,1620389997.988663,1620389998.006346
474,1620389998.116650,1620389998.134294
475,1620389998.248469,1620389998.266104
476,1620389998.376633,1620389998.394830
477,1620389998.504560,1620389998.522808
478,1620389998.632485,1620389998.650183
479,1620389998.764461,1620389998.782139
480,1620389998.892606,1620389998.910882
481,1620389999.020689,1620389999.038238
482,1620389999.148460,1620389999.166594
483,1620389999.276501,1620389999.294167
484,1620389999.412626,1620389999.430124
485,1620389999.560519,1620389999.578507
486,1620389999.704634,1620389999.722283
487,1620389999.848656,1620389999.866133
488,1620389999.988536,1620390000.006013
489,1620390000.128626,1620390000.146694
490,1620390000.260662,1620390000.278387
491,1620390000.404672,1620390000.422795
492,1620390000.548727,1620390000.566633
493,1620390000.684615,1620390000.702484
494,1620390000.816653,1620390000.834533
495,1620390000.964654,1620390000.982609
496,1620390001.100472,1620390001.118557
497,1620390001.252700,1620390001.270397
498,1620390001.388912,1620390001.406775
499,1620390001.536577,1620390001.554300
500,1620390001.672557,1620390001.690159
501,1620390001.808622,1620390001.826487
502,1620390001.948486,1620390001.965999
503,1620390002.088736,1620390002.106551
504,1620390002.228643,1620390002.246345
505,1620390002.376721,1620390002.394929
506,1620390002.520755,1620390002.538900
507,1620390002.668670,1620390002.686582
508,1620390002.808531,1620390002.826136
509,1620390002.952615,1620390002.970208
510,1620390003.088500,1620390003.106220
511,1620390003.228605,1620390003.246272
512,1620390003.368514,1620390003.386042
513,1620390003.504597,1620390003.522585
514,1620390003.640607,1620390003.658245
515,1620390003.776696,1620390003.794320
516,1620390003.912638,1620390003.930645
517,1620390004.052521,1620390004.069968
518,1620390004.196668,1620390004.214267
519,1620390004.336741,1620390004.354886
520,1620390004.468631,1620390004.486175
521,1620390004.608726,1620390004.626327
522,1620390004.748650,1620390004.766617
523,1620390004.884723,1620390004.902145
524,1620390005.024685,1620390005.042519
525,1620390005.176888,1620390005.194602
526,1620390005.308549,1620390005.326087
527,1620390005.444594,1620390005.462167
528,1620390005.584515,1620390005.601964
529,1620390005.720727,1620390005.738632
530,1620390005.864654,1620390005.882256
531,1620390006.008565,1620390006.026221
532,1620390006.156605,1620390006.176259
533,1620390006.288705,1620390006.307181
534,1620390006.432748,1620390006.451444
535,1620390006.572561,1620390006.590860
536,1620390006.708756,1620390006.726715
537,1620390006.856700,1620390006.874311
538,1620390006.996530,1620390007.014568
539,1620390007.128673,1620390007.147010
540,1620390007.260528,1620390007.278509
541,1620390007.392685,1620390007.410585
542,1620390007.540628,1620390007.558260
543,1620390007.684517,1620390007.702005
544,1620390007.824760,1620390007.842578
545,1620390007.960520,1620390007.978197
546,1620390008.096718,1620390008.114750
547,1620390008.236488,1620390008.254061
548,1620390008.384648,1620390008.402704
549,1620390008.520690,1620390008.538599
550,1620390008.656500,1620390008.673978
551,1620390008.792669,1620390008.810703
552,1620390008.941002,1620390008.958465
553,1620390009.076639,1620390009.094079
554,1620390009.212664,1620390009.230185
555,1620390009.348676,1620390009.366726
556,1620390009.484640,1620390009.501981
557,1620390009.624737,1620390009.642170
558,1620390009.776679,1620390009.794181
559,1620390009.920753,1620390009.938725
560,1620390010.056648,1620390010.074300
561,1620390010.196491,1620390010.214140
562,1620390010.324611,1620390010.342797
563,1620390010.452543,1620390010.470277
564,1620390010.584585,1620390010.602685
565,1620390010.712692,1620390010.730773
566,1620390010.840510,1620390010.858556
567,1620390010.972680,1620390010.990319
568,1620390011.100625,1620390011.118650
569,1620390011.232623,1620390011.250489
570,1620390011.380617,1620390011.398696
571,1620390011.508497,1620390011.526512
572,1620390011.644659,1620390011.662512
573,1620390011.784681,1620390011.802813
574,1620390011.916509,1620390011.934072
575,1620390012.064741,1620390012.082244
576,1620390012.216661,1620390012.234676
577,1620390012.360503,1620390012.380213
578,1620390012.500607,1620390012.518786
579,1620390012.636805,1620390012.654822
580,1620390012.784681,1620390012.803502
581,1620390012.940932,1620390012.961295
582,1620390013.076760,1620390013.096634
583,1620390013.220749,1620390013.240762
584,1620390013.361133,1620390013.383000
585,1620390013.496692,1620390013.516626
586,1620390013.636740,1620390013.655563
587,1620390013.776730,1620390013.794910
588,1620390013.912621,1620390013.931564
589,1620390014.048794,1620390014.066772
590,1620390014.184744,1620390014.203262
591,1620390014.320793,1620390014.338713
592,1620390014.452713,1620390014.470683
593,1620390014.600702,1620390014.618503
594,1620390014.744701,1620390014.762607
595,1620390014.892734,1620390014.910255
596,1620390015.040511,1620390015.058256
597,1620390015.176727,1620390015.194242
598,1620390015.312537,1620390015.330162
599,1620390015.444654,1620390015.462610
600,1620390015.576513,1620390015.594218
601,1620390015.716681,1620390015.734470
602,1620390015.860632,1620390015.878053
603,1620390016.012646,1620390016.030167
604,1620390016.152518,1620390016.170538
605,1620390016.284558,1620390016.302662
606,1620390016.420766,1620390016.439001
607,1620390016.556745,1620390016.574839
608,1620390016.692794,1620390016.710439
609,1620390016.828720,1620390016.846928
610,1620390016.972785,1620390016.990785
611,1620390017.112607,1620390017.130320
612,1620390017.248690,1620390017.266687
613,1620390017.388571,1620390017.406753
614,1620390017.524540,1620390017.542567
615,1620390017.664691,1620390017.682342
616,1620390017.800648,1620390017.818727
617,1620390017.928607,1620390017.946288
618,1620390018.064497,1620390018.082714
619,1620390018.200704,1620390018.218500
620,1620390018.336536,1620390018.354960
621,1620390018.468791,1620390018.486481
622,1620390018.608523,1620390018.626161
623,1620390018.748451,1620390018.765996
624,1620390018.892786,1620390018.910206
625,1620390019.032652,1620390019.050807
626,1620390019.168760,1620390019.186047
627,1620390019.304567,1620390019.322441
628,1620390019.444506,1620390019.462568
629,1620390019.576509,1620390019.594159
630,1620390019.708494,1620390019.726462
631,1620390019.840548,1620390019.858542
632,1620390019.968646,1620390019.986311
633,1620390020.108958,1620390020.126863
634,1620390020.244572,1620390020.263626
635,1620390020.388774,1620390020.407644
636,1620390020.528754,1620390020.547191
637,1620390020.664515,1620390020.682686
638,1620390020.804648,1620390020.822743
639,1620390020.944503,1620390020.962232
640,1620390021.084526,1620390021.102545
641,1620390021.232528,1620390021.250326
642,1620390021.376711,1620390021.394801
643,1620390021.512617,1620390021.530678
644,1620390021.648544,1620390021.666845
645,1620390021.792600,1620390021.811109
646,1620390021.928717,1620390021.946380
647,1620390022.064736,1620390022.082849
648,1620390022.200755,1620390022.218922
649,1620390022.344653,1620390022.363060
650,1620390022.476660,1620390022.494874
651,1620390022.620515,1620390022.639118
652,1620390022.760501,1620390022.778395
653,1620390022.896631,1620390022.915173
654,1620390023.040513,1620390023.058461
655,1620390023.176644,1620390023.194692
656,1620390023.320648,1620390023.338523
657,1620390023.452735,1620390023.470983
658,1620390023.588765,1620390023.606337
659,1620390023.724605,1620390023.742751
660,1620390023.860933,1620390023.878850
661,1620390023.996708,1620390024.014416
662,1620390024.132519,1620390024.150591
663,1620390024.268655,1620390024.286367
664,1620390024.404693,1620390024.422908
665,1620390024.540624,1620390024.558609
666,1620390024.676685,1620390024.694766
667,1620390024.812537,1620390024.830205
668,1620390024.964586,1620390024.982320
669,1620390025.104652,1620390025.122363
670,1620390025.240620,1620390025.258165
671,1620390025.376731,1620390025.394535
672,1620390025.512505,1620390025.530602
673,1620390025.644556,1620390025.662156
674,1620390025.780645,1620390025.798358
675,1620390025.916533,1620390025.934190
676,1620390026.048600,1620390026.065997
677,1620390026.184678,1620390026.202362
678,1620390026.324590,1620390026.342513
679,1620390026.460590,1620390026.479047
680,1620390026.600575,1620390026.619020
681,1620390026.736624,1620390026.754294
682,1620390026.872569,1620390026.890738
683,1620390027.008532,1620390027.026780
684,1620390027.144586,1620390027.162869
685,1620390027.292542,1620390027.310744
686,1620390027.432549,1620390027.450900
687,1620390027.577004,1620390027.594633
688,1620390027.708547,1620390027.726361
689,1620390027.848495,1620390027.865886
690,1620390027.988670,1620390028.005924
691,1620390028.132554,1620390028.149924
692,1620390028.268677,1620390028.287192
693,1620390028.412807,1620390028.430976
694,1620390028.548549,1620390028.566520
695,1620390028.692676,1620390028.710910
696,1620390028.836497,1620390028.854992
697,1620390028.972674,1620390028.990649
698,1620390029.108629,1620390029.126069
699,1620390029.244656,1620390029.262399
700,1620390029.380501,1620390029.398524
701,1620390029.520510,1620390029.538563
702,1620390029.656791,1620390029.674890
703,1620390029.792806,1620390029.810407
704,1620390029.932611,1620390029.950251
705,1620390030.060501,1620390030.078032
706,1620390030.200754,1620390030.218482
707,1620390030.336577,1620390030.355129
708,1620390030.472628,1620390030.490319
709,1620390030.608495,1620390030.626791
710,1620390030.748567,1620390030.766634
711,1620390030.892580,1620390030.910766
712,1620390031.024612,1620390031.042410
713,1620390031.168675,1620390031.186492
714,1620390031.308974,1620390031.327227
715,1620390031.456634,1620390031.474551
716,1620390031.596597,1620390031.615176
717,1620390031.732505,1620390031.750511
718,1620390031.872680,1620390031.890846
719,1620390032.024714,1620390032.042881
720,1620390032.172788,1620390032.191185
721,1620390032.316547,1620390032.335076
722,1620390032.464577,1620390032.482929
723,1620390032.596514,1620390032.614695
724,1620390032.732552,1620390032.751157
725,1620390032.868679,1620390032.886732
726,1620390033.012643,1620390033.031498
727,1620390033.148555,1620390033.166993
728,1620390033.280564,1620390033.299062
729,1620390033.420885,1620390033.439268
730,1620390033.564697,1620390033.583028
731,1620390033.708736,1620390033.726946
732,1620390033.848654,1620390033.867060
733,1620390033.988443,1620390034.006594
734,1620390034.124431,1620390034.142686
735,1620390034.268671,1620390034.286517
736,1620390034.416621,1620390034.434742
737,1620390034.556528,1620390034.574507
738,1620390034.700657,1620390034.718485
739,1620390034.844713,1620390034.862990
740,1620390034.992679,1620390035.010837
741,1620390035.128922,1620390035.146981
742,1620390035.276536,1620390035.294071
743,1620390035.420574,1620390035.438349
744,1620390035.564582,1620390035.582837
745,1620390035.704595,1620390035.722323
746,1620390035.852722,1620390035.870561
747,1620390036.004558,1620390036.021984
748,1620390036.140690,1620390036.158785
749,1620390036.288555,1620390036.307133
750,1620390036.420790,1620390036.439216
751,1620390036.556681,1620390036.574597
752,1620390036.696550,1620390036.714537
753,1620390036.836542,1620390036.854173
754,1620390036.984553,1620390037.002791
755,1620390037.120577,1620390037.138628
756,1620390037.260550,1620390037.278878
757,1620390037.396744,1620390037.414955
758,1620390037.532780,1620390037.551044
759,1620390037.668770,1620390037.686735
760,1620390037.804686,1620390037.822913
761,1620390037.940598,1620390037.958727
762,1620390038.072634,1620390038.090840
763,1620390038.204520,1620390038.222681
764,1620390038.336560,1620390038.354819
765,1620390038.468689,1620390038.486546
766,1620390038.616583,1620390038.634572
767,1620390038.752620,1620390038.770737
768,1620390038.892720,1620390038.910870
769,1620390039.028566,1620390039.046631
770,1620390039.164604,1620390039.182539
771,1620390039.304532,1620390039.322627
772,1620390039.444596,1620390039.462518
773,1620390039.584511,1620390039.602544
774,1620390039.716500,1620390039.734337
775,1620390039.848660,1620390039.866535
776,1620390039.988702,1620390040.006429
777,1620390040.124694,1620390040.142752
778,1620390040.260559,1620390040.278423
779,1620390040.400609,1620390040.418739
780,1620390040.536636,1620390040.554999
781,1620390040.676770,1620390040.694759
782,1620390040.820606,1620390040.838728
783,1620390040.960589,1620390040.978483
784,1620390041.100506,1620390041.117935
785,1620390041.236540,1620390041.254071
786,1620390041.372660,1620390041.390479
787,1620390041.504658,1620390041.522058
788,1620390041.640491,1620390041.658347
789,1620390041.780554,1620390041.798507
790,1620390041.908538,1620390041.926328
791,1620390042.044672,1620390042.062543
792,1620390042.192658,1620390042.210843
793,1620390042.336639,1620390042.355342
794,1620390042.476473,1620390042.494733
795,1620390042.612766,1620390042.631103
796,1620390042.748671,1620390042.767114
797,1620390042.884545,1620390042.902573
798,1620390043.020691,1620390043.038532
799,1620390043.156549,1620390043.174489
800,1620390043.296528,1620390043.314546
801,1620390043.432454,1620390043.450444
802,1620390043.592537,1620390043.610757
803,1620390043.736456,1620390043.754270
804,1620390043.872618,1620390043.890767
805,1620390044.008525,1620390044.026397
806,1620390044.144496,1620390044.162581
807,1620390044.280682,1620390044.298738
808,1620390044.420517,1620390044.438797
809,1620390044.564519,1620390044.582480
810,1620390044.708448,1620390044.726438
811,1620390044.844531,1620390044.862584
812,1620390044.992422,1620390045.010312
813,1620390045.128555,1620390045.146464
814,1620390045.268589,1620390045.286577
815,1620390045.404532,1620390045.422508
816,1620390045.540637,1620390045.558514
817,1620390045.672540,1620390045.690548
818,1620390045.808461,1620390045.826260
819,1620390045.944434,1620390045.962296
820,1620390046.080669,1620390046.098558
821,1620390046.216443,1620390046.234187
822,1620390046.352717,1620390046.371122
823,1620390046.488702,1620390046.507090
824,1620390046.624605,1620390046.642862
825,1620390046.760571,1620390046.778719
826,1620390046.896434,1620390046.914692
827,1620390047.032615,1620390047.050545
828,1620390047.168511,1620390047.186529
829,1620390047.304574,1620390047.322313
830,1620390047.448505,1620390047.466803
831,1620390047.592519,1620390047.610455
832,1620390047.732674,1620390047.750778
833,1620390047.868674,1620390047.886349
834,1620390048.008539,1620390048.026355
835,1620390048.144782,1620390048.162433
836,1620390048.280558,1620390048.298429
837,1620390048.420573,1620390048.438746
838,1620390048.568635,1620390048.586318
839,1620390048.704662,1620390048.722595
840,1620390048.848664,1620390048.866225
841,1620390048.984500,1620390049.002462
842,1620390049.120695,1620390049.138209
843,1620390049.268632,1620390049.286321
844,1620390049.412684,1620390049.430274
845,1620390049.552652,1620390049.570343
846,1620390049.696501,1620390049.714310
847,1620390049.848502,1620390049.866013
848,1620390050.000565,1620390050.018193
849,1620390050.136727,1620390050.154485
850,1620390050.276627,1620390050.294321
851,1620390050.420549,1620390050.438341
852,1620390050.556587,1620390050.574498
853,1620390050.692679,1620390050.710254
854,1620390050.832525,1620390050.850137
855,1620390050.972610,1620390050.990341
856,1620390051.116533,1620390051.134332
857,1620390051.264540,1620390051.282072
858,1620390051.404754,1620390051.422400
859,1620390051.540652,1620390051.558548
860,1620390051.684769,1620390051.702326
861,1620390051.828649,1620390051.846443
862,1620390051.968653,1620390051.986534
863,1620390052.104620,1620390052.122491
864,1620390052.240538,1620390052.258201
865,1620390052.376555,1620390052.395357
866,1620390052.504641,1620390052.523314
867,1620390052.640573,1620390052.658928
868,1620390052.776556,1620390052.795098
869,1620390052.916730,1620390052.934633
870,1620390053.052516,1620390053.070689
871,1620390053.196592,1620390053.214642
872,1620390053.336672,1620390053.354638
873,1620390053.476653,1620390053.494799
874,1620390053.616520,1620390053.634057
875,1620390053.760695,1620390053.778071
876,1620390053.900963,1620390053.918542
877,1620390054.044721,1620390054.062281
878,1620390054.184667,1620390054.202585
879,1620390054.320590,1620390054.338439
880,1620390054.456608,1620390054.474597
881,1620390054.596548,1620390054.614201
882,1620390054.732528,1620390054.750036
883,1620390054.872632,1620390054.890315
884,1620390055.012800,1620390055.030592
885,1620390055.148660,1620390055.166214
886,1620390055.284674,1620390055.302274
887,1620390055.420519,1620390055.438311
888,1620390055.552659,1620390055.570249
889,1620390055.688537,1620390055.706078
890,1620390055.824710,1620390055.842594
891,1620390055.976618,1620390055.994413
892,1620390056.120671,1620390056.138666
893,1620390056.256753,1620390056.274368
894,1620390056.404721,1620390056.422692
895,1620390056.548627,1620390056.566597
896,1620390056.684533,1620390056.702432
897,1620390056.820733,1620390056.838409
898,1620390056.964655,1620390056.983469
899,1620390057.104773,1620390057.122466
900,1620390057.244692,1620390057.262628
901,1620390057.376550,1620390057.394778
902,1620390057.508652,1620390057.526694
903,1620390057.652967,1620390057.670771
904,1620390057.796522,1620390057.814329
905,1620390057.932705,1620390057.950626
906,1620390058.068655,1620390058.086332
907,1620390058.208672,1620390058.226559
908,1620390058.348697,1620390058.366717
909,1620390058.480652,1620390058.498587
910,1620390058.612583,1620390058.630278
911,1620390058.748494,1620390058.766084
912,1620390058.888558,1620390058.906318
913,1620390059.028510,1620390059.046497
914,1620390059.156669,1620390059.174483
915,1620390059.284503,1620390059.302112
916,1620390059.416647,1620390059.434545
917,1620390059.544604,1620390059.562688
918,1620390059.680565,1620390059.698017
919,1620390059.820517,1620390059.838418
920,1620390059.952523,1620390059.969921
921,1620390060.104745,1620390060.122127
922,1620390060.244502,1620390060.262044
923,1620390060.376742,1620390060.394805
924,1620390060.504732,1620390060.522515
925,1620390060.644732,1620390060.662440
926,1620390060.776693,1620390060.794555
927,1620390060.908516,1620390060.926512
928,1620390061.056588,1620390061.074339
929,1620390061.184822,1620390061.202363
930,1620390061.320919,1620390061.338323
931,1620390061.456508,1620390061.474149
932,1620390061.600643,1620390061.618361
933,1620390061.744492,1620390061.761812
934,1620390061.888553,1620390061.905928
935,1620390062.032686,1620390062.050293
936,1620390062.176583,1620390062.194688
937,1620390062.312600,1620390062.330329
938,1620390062.452786,1620390062.471019
939,1620390062.592660,1620390062.610947
940,1620390062.728756,1620390062.747055
941,1620390062.876545,1620390062.894694
942,1620390063.020631,1620390063.038762
943,1620390063.164755,1620390063.182645
944,1620390063.300733,1620390063.318747
945,1620390063.444677,1620390063.462795
946,1620390063.576689,1620390063.594621
947,1620390063.708745,1620390063.726589
948,1620390063.860721,1620390063.878786
949,1620390064.000562,1620390064.018412
950,1620390064.152637,1620390064.170559
951,1620390064.292617,1620390064.310713
952,1620390064.436585,1620390064.454479
953,1620390064.580535,1620390064.598366
954,1620390064.724732,1620390064.742218
955,1620390064.872737,1620390064.890531
956,1620390065.016739,1620390065.034255
957,1620390065.152893,1620390065.170819
958,1620390065.292632,1620390065.310136
959,1620390065.432609,1620390065.450415
960,1620390065.584548,1620390065.602058
961,1620390065.720641,1620390065.738035
962,1620390065.864661,1620390065.882625
963,1620390066.004589,1620390066.022023
964,1620390066.140566,1620390066.158289
965,1620390066.284743,1620390066.302430
966,1620390066.424649,1620390066.442605
967,1620390066.560668,1620390066.578971
968,1620390066.688799,1620390066.707321
969,1620390066.824650,1620390066.842357
970,1620390066.952584,1620390066.970703
971,1620390067.084612,1620390067.102271
972,1620390067.220715,1620390067.238624
973,1620390067.360634,1620390067.378500
974,1620390067.492581,1620390067.510608
975,1620390067.628550,1620390067.646400
976,1620390067.760544,1620390067.778795
977,1620390067.892594,1620390067.910939
978,1620390068.032511,1620390068.050444
979,1620390068.164686,1620390068.182861
980,1620390068.300663,1620390068.318865
981,1620390068.432620,1620390068.450261
982,1620390068.572781,1620390068.590666
983,1620390068.708534,1620390068.726337
984,1620390068.852814,1620390068.871367
985,1620390068.988555,1620390069.006916
986,1620390069.132550,1620390069.150643
987,1620390069.268565,1620390069.286464
988,1620390069.404665,1620390069.422941
989,1620390069.536692,1620390069.554627
990,1620390069.672531,1620390069.690531
991,1620390069.808706,1620390069.826565
992,1620390069.952586,1620390069.970660
993,1620390070.088673,1620390070.106293
994,1620390070.228667,1620390070.246590
995,1620390070.364623,1620390070.382593
996,1620390070.512795,1620390070.530996
997,1620390070.648589,1620390070.666812
998,1620390070.788564,1620390070.806552
999,1620390070.924494,1620390070.942148

Decrypt,,
0,1620389931.574722,1620389931.594271
1,1620389931.699758,1620389931.718619
2,1620389931.836199,1620389931.854108
3,1620389931.974495,1620389931.991651
4,1620389932.123189,1620389932.140813
5,1620389932.262439,1620389932.279426
6,1620389932.406480,1620389932.424215
7,1620389932.542383,1620389932.559806
8,1620389932.682487,1620389932.699655
9,1620389932.818314,1620389932.835751
10,1620389932.962349,1620389932.979471
11,1620389933.098236,1620389933.115357
12,1620389933.234465,1620389933.251638
13,1620389933.370257,1620389933.387523
14,1620389933.514312,1620389933.531117
15,1620389933.659790,1620389933.676813
16,1620389933.798216,1620389933.815250
17,1620389933.934306,1620389933.951416
18,1620389934.074727,1620389934.092354
19,1620389934.211743,1620389934.228976
20,1620389934.362498,1620389934.379729
21,1620389934.498272,1620389934.515734
22,1620389934.643853,1620389934.661421
23,1620389934.790331,1620389934.807675
24,1620389934.934331,1620389934.951331
25,1620389935.083979,1620389935.101741
26,1620389935.226493,1620389935.243938
27,1620389935.362191,1620389935.379181
28,1620389935.498209,1620389935.515398
29,1620389935.643605,1620389935.660590
30,1620389935.790376,1620389935.807379
31,1620389935.946508,1620389935.963574
32,1620389936.086350,1620389936.103572
33,1620389936.227285,1620389936.244450
34,1620389936.362436,1620389936.379846
35,1620389936.502383,1620389936.519838
36,1620389936.639288,1620389936.656704
37,1620389936.778363,1620389936.795353
38,1620389936.918433,1620389936.935553
39,1620389937.066434,1620389937.083740
40,1620389937.210922,1620389937.228247
41,1620389937.358490,1620389937.375890
42,1620389937.495693,1620389937.513026
43,1620389937.630690,1620389937.648307
44,1620389937.766487,1620389937.783449
45,1620389937.910272,1620389937.927286
46,1620389938.046364,1620389938.063369
47,1620389938.183735,1620389938.200674
48,1620389938.318763,1620389938.335883
49,1620389938.462184,1620389938.479510
50,1620389938.598050,1620389938.614953
51,1620389938.735516,1620389938.752582
52,1620389938.874171,1620389938.891487
53,1620389939.026282,1620389939.043220
54,1620389939.179461,1620389939.196437
55,1620389939.314613,1620389939.331939
56,1620389939.454355,1620389939.471447
57,1620389939.590589,1620389939.608455
58,1620389939.727532,1620389939.744615
59,1620389939.878481,1620389939.895421
60,1620389940.010729,1620389940.028048
61,1620389940.155731,1620389940.173091
62,1620389940.294777,1620389940.312240
63,1620389940.454552,1620389940.472449
64,1620389940.582363,1620389940.599557
65,1620389940.718538,1620389940.735752
66,1620389940.854505,1620389940.871353
67,1620389941.010279,1620389941.027513
68,1620389941.151841,1620389941.168966
69,1620389941.310213,1620389941.327434
70,1620389941.446195,1620389941.463583
71,1620389941.598377,1620389941.615523
72,1620389941.738313,1620389941.755085
73,1620389941.882611,1620389941.899441
74,1620389942.030581,1620389942.047564
75,1620389942.171037,1620389942.188005
76,1620389942.306578,1620389942.323936
77,1620389942.442416,1620389942.459736
78,1620389942.594342,1620389942.611633
79,1620389942.730289,1620389942.747217
80,1620389942.870089,1620389942.887432
81,1620389943.018225,1620389943.035153
82,1620389943.178229,1620389943.195046
83,1620389943.322387,1620389943.339535
84,1620389943.482160,1620389943.498998
85,1620389943.618573,1620389943.635780
86,1620389943.758642,1620389943.775513
87,1620389943.902523,1620389943.919684
88,1620389944.058952,1620389944.075976
89,1620389944.211140,1620389944.228338
90,1620389944.346473,1620389944.363615
91,1620389944.486691,1620389944.503847
92,1620389944.630668,1620389944.647858
93,1620389944.766762,1620389944.784558
94,1620389944.901920,1620389944.918892
95,1620389945.038421,1620389945.055744
96,1620389945.199539,1620389945.217137
97,1620389945.346259,1620389945.363572
98,1620389945.502434,1620389945.519473
99,1620389945.638106,1620389945.655599
100,1620389945.786086,1620389945.803003
101,1620389945.930280,1620389945.947986
102,1620389946.062351,1620389946.079209
103,1620389946.206385,1620389946.223293
104,1620389946.342355,1620389946.359188
105,1620389946.482554,1620389946.499594
106,1620389946.618221,1620389946.635481
107,1620389946.754414,1620389946.771714
108,1620389946.898514,1620389946.915988
109,1620389947.034617,1620389947.051686
110,1620389947.174988,1620389947.192129
111,1620389947.314297,1620389947.331160
112,1620389947.450667,1620389947.468173
113,1620389947.598086,1620389947.614996
114,1620389947.742203,1620389947.759170
115,1620389947.890381,1620389947.907758
116,1620389948.026110,1620389948.043129
117,1620389948.171503,1620389948.188401
118,1620389948.306109,1620389948.323291
119,1620389948.442346,1620389948.459474
120,1620389948.578215,1620389948.595077
121,1620389948.714530,1620389948.731318
122,1620389948.850284,1620389948.867137
123,1620389948.986472,1620389949.003504
124,1620389949.126364,1620389949.143370
125,1620389949.258569,1620389949.275657
126,1620389949.394344,1620389949.411227
127,1620389949.530479,1620389949.547342
128,1620389949.679601,1620389949.697453
129,1620389949.827828,1620389949.844900
130,1620389949.974728,1620389949.991829
131,1620389950.111355,1620389950.128413
132,1620389950.246640,1620389950.263746
133,1620389950.382462,1620389950.399403
134,1620389950.530524,1620389950.547750
135,1620389950.667522,1620389950.684715
136,1620389950.798277,1620389950.815205
137,1620389950.950099,1620389950.967044
138,1620389951.098117,1620389951.114988
139,1620389951.235578,1620389951.253018
140,1620389951.374281,1620389951.391111
141,1620389951.522378,1620389951.539384
142,1620389951.658920,1620389951.676024
143,1620389951.795797,1620389951.814690
144,1620389951.939154,1620389951.959294
145,1620389952.075034,1620389952.095178
146,1620389952.212771,1620389952.232794
147,1620389952.353012,1620389952.374442
148,1620389952.499892,1620389952.520798
149,1620389952.623798,1620389952.642775
150,1620389952.770978,1620389952.789852
151,1620389952.915401,1620389952.933893
152,1620389953.066486,1620389953.083772
153,1620389953.211196,1620389953.228511
154,1620389953.346701,1620389953.363914
155,1620389953.486397,1620389953.503299
156,1620389953.622709,1620389953.640514
157,1620389953.762325,1620389953.779532
158,1620389953.902255,1620389953.919550
159,1620389954.038235,1620389954.055710
160,1620389954.175562,1620389954.192634
161,1620389954.314333,1620389954.331679
162,1620389954.458123,1620389954.475778
163,1620389954.594041,1620389954.611323
164,1620389954.731584,1620389954.748634
165,1620389954.866646,1620389954.883950
166,1620389955.002338,1620389955.019485
167,1620389955.142160,1620389955.159303
168,1620389955.286236,1620389955.303748
169,1620389955.426235,1620389955.443453
170,1620389955.570082,1620389955.587280
171,1620389955.706647,1620389955.723748
172,1620389955.846067,1620389955.862918
173,1620389955.982216,1620389955.998892
174,1620389956.118036,1620389956.134800
175,1620389956.254061,1620389956.270981
176,1620389956.398179,1620389956.415358
177,1620389956.550356,1620389956.567688
178,1620389956.699441,1620389956.716505
179,1620389956.842328,1620389956.860466
180,1620389956.986330,1620389957.003204
181,1620389957.122124,1620389957.139814
182,1620389957.262620,1620389957.279638
183,1620389957.406682,1620389957.423593
184,1620389957.542295,1620389957.559596
185,1620389957.679169,1620389957.696089
186,1620389957.814767,1620389957.831524
187,1620389957.954260,1620389957.971129
188,1620389958.094497,1620389958.111250
189,1620389958.239357,1620389958.256185
190,1620389958.390707,1620389958.407614
191,1620389958.526957,1620389958.544844
192,1620389958.662132,1620389958.679477
193,1620389958.806430,1620389958.822983
194,1620389958.946239,1620389958.963017
195,1620389959.082552,1620389959.099490
196,1620389959.227481,1620389959.244722
197,1620389959.371487,1620389959.388324
198,1620389959.515482,1620389959.532188
199,1620389959.650313,1620389959.667868
200,1620389959.798639,1620389959.815543
201,1620389959.934367,1620389959.951310
202,1620389960.074542,1620389960.091663
203,1620389960.210567,1620389960.229339
204,1620389960.346299,1620389960.365594
205,1620389960.494302,1620389960.512677
206,1620389960.630407,1620389960.647825
207,1620389960.778321,1620389960.795176
208,1620389960.914012,1620389960.930922
209,1620389961.050187,1620389961.067166
210,1620389961.196416,1620389961.213516
211,1620389961.342525,1620389961.360208
212,1620389961.478236,1620389961.495151
213,1620389961.622320,1620389961.639098
214,1620389961.763712,1620389961.780546
215,1620389961.902392,1620389961.919113
216,1620389962.038359,1620389962.055267
217,1620389962.178424,1620389962.195190
218,1620389962.318458,1620389962.335589
219,1620389962.458201,1620389962.475735
220,1620389962.599139,1620389962.616269
221,1620389962.730637,1620389962.747849
222,1620389962.866530,1620389962.884080
223,1620389963.002687,1620389963.019601
224,1620389963.138798,1620389963.155851
225,1620389963.275389,1620389963.292395
226,1620389963.419435,1620389963.436313
227,1620389963.555716,1620389963.572634
228,1620389963.699787,1620389963.716816
229,1620389963.851358,1620389963.868423
230,1620389963.987765,1620389964.004684
231,1620389964.127453,1620389964.144712
232,1620389964.263510,1620389964.280633
233,1620389964.403385,1620389964.420810
234,1620389964.535336,1620389964.552361
235,1620389964.671620,1620389964.688674
236,1620389964.807920,1620389964.825155
237,1620389964.973881,1620389964.992752
238,1620389965.111738,1620389965.130865
239,1620389965.247781,1620389965.265704
240,1620389965.395555,1620389965.412868
241,1620389965.547643,1620389965.565033
242,1620389965.683549,1620389965.700965
243,1620389965.819812,1620389965.836902
244,1620389965.959567,1620389965.976723
245,1620389966.095628,1620389966.112643
246,1620389966.231805,1620389966.248899
247,1620389966.367368,1620389966.384628
248,1620389966.511572,1620389966.529000
249,1620389966.647650,1620389966.664833
250,1620389966.783714,1620389966.801242
251,1620389966.918314,1620389966.935197
252,1620389967.054587,1620389967.072205
253,1620389967.194407,1620389967.211364
254,1620389967.330698,1620389967.347916
255,1620389967.474449,1620389967.491644
256,1620389967.610499,1620389967.627350
257,1620389967.747640,1620389967.764471
258,1620389967.882418,1620389967.899605
259,1620389968.022338,1620389968.039106
260,1620389968.170321,1620389968.187188
261,1620389968.311594,1620389968.328738
262,1620389968.450382,1620389968.468012
263,1620389968.587082,1620389968.604633
264,1620389968.734639,1620389968.752235
265,1620389968.871189,1620389968.889597
266,1620389969.006260,1620389969.023486
267,1620389969.142898,1620389969.160602
268,1620389969.278131,1620389969.295534
269,1620389969.414857,1620389969.432226
270,1620389969.555227,1620389969.572678
271,1620389969.682086,1620389969.699502
272,1620389969.818273,1620389969.835944
273,1620389969.954227,1620389969.971766
274,1620389970.098493,1620389970.116154
275,1620389970.229893,1620389970.247334
276,1620389970.366693,1620389970.384991
277,1620389970.506372,1620389970.524272
278,1620389970.650657,1620389970.669068
279,1620389970.787200,1620389970.805462
280,1620389970.922457,1620389970.941345
281,1620389971.062785,1620389971.082032
282,1620389971.207187,1620389971.226085
283,1620389971.351301,1620389971.370450
284,1620389971.486618,1620389971.505716
285,1620389971.622298,1620389971.640634
286,1620389971.758530,1620389971.777001
287,1620389971.894608,1620389971.913531
288,1620389972.030384,1620389972.048767
289,1620389972.175237,1620389972.194206
290,1620389972.318832,1620389972.336843
291,1620389972.455034,1620389972.474577
292,1620389972.590791,1620389972.609607
293,1620389972.734604,1620389972.753065
294,1620389972.870781,1620389972.889280
295,1620389973.010810,1620389973.028905
296,1620389973.146609,1620389973.164957
297,1620389973.282312,1620389973.301256
298,1620389973.426682,1620389973.445514
299,1620389973.562142,1620389973.580646
300,1620389973.710592,1620389973.728937
301,1620389973.850443,1620389973.868591
302,1620389973.990603,1620389974.008601
303,1620389974.122422,1620389974.140760
304,1620389974.262621,1620389974.280840
305,1620389974.406420,1620389974.425292
306,1620389974.546638,1620389974.565658
307,1620389974.682133,1620389974.700305
308,1620389974.818526,1620389974.837051
309,1620389974.954329,1620389974.972795
310,1620389975.098555,1620389975.117250
311,1620389975.230292,1620389975.248483
312,1620389975.370747,1620389975.389260
313,1620389975.521742,1620389975.539875
314,1620389975.665987,1620389975.683963
315,1620389975.802034,1620389975.820038
316,1620389975.961882,1620389975.979749
317,1620389976.114173,1620389976.132068
318,1620389976.250321,1620389976.268251
319,1620389976.390486,1620389976.409025
320,1620389976.538145,1620389976.556404
321,1620389976.678772,1620389976.696778
322,1620389976.810032,1620389976.827944
323,1620389976.953878,1620389976.971428
324,1620389977.114212,1620389977.132384
325,1620389977.250063,1620389977.268019
326,1620389977.402431,1620389977.420688
327,1620389977.542144,1620389977.560255
328,1620389977.682465,1620389977.700245
329,1620389977.814617,1620389977.832548
330,1620389977.953984,1620389977.972005
331,1620389978.094487,1620389978.112674
332,1620389978.229783,1620389978.247777
333,1620389978.370183,1620389978.388584
334,1620389978.505941,1620389978.524158
335,1620389978.650256,1620389978.668300
336,1620389978.786560,1620389978.804696
337,1620389978.926652,1620389978.944876
338,1620389979.066488,1620389979.084954
339,1620389979.202050,1620389979.220231
340,1620389979.346731,1620389979.365054
341,1620389979.490079,1620389979.508570
342,1620389979.633942,1620389979.652250
343,1620389979.778638,1620389979.796730
344,1620389979.926118,1620389979.944279
345,1620389980.070186,1620389980.088231
346,1620389980.206627,1620389980.224991
347,1620389980.354434,1620389980.373134
348,1620389980.498862,1620389980.518115
349,1620389980.642412,1620389980.660557
350,1620389980.786725,1620389980.805216
351,1620389980.934295,1620389980.952623
352,1620389981.078291,1620389981.096780
353,1620389981.226636,1620389981.244613
354,1620389981.359308,1620389981.377851
355,1620389981.502727,1620389981.521533
356,1620389981.638548,1620389981.656608
357,1620389981.774398,1620389981.792944
358,1620389981.918511,1620389981.937246
359,1620389982.062076,1620389982.080199
360,1620389982.198924,1620389982.217431
361,1620389982.338422,1620389982.357024
362,1620389982.474720,1620389982.493807
363,1620389982.611094,1620389982.629575
364,1620389982.758495,1620389982.777329
365,1620389982.902575,1620389982.921148
366,1620389983.046805,1620389983.065148
367,1620389983.194296,1620389983.212867
368,1620389983.342466,1620389983.360993
369,1620389983.486152,1620389983.504354
370,1620389983.622279,1620389983.640495
371,1620389983.758435,1620389983.776834
372,1620389983.902519,1620389983.920981
373,1620389984.046370,1620389984.064723
374,1620389984.194621,1620389984.213081
375,1620389984.354626,1620389984.372736
376,1620389984.486814,1620389984.505446
377,1620389984.622350,1620389984.640739
378,1620389984.766550,1620389984.784608
379,1620389984.902478,1620389984.921295
380,1620389985.038522,1620389985.056517
381,1620389985.198387,1620389985.216871
382,1620389985.338543,1620389985.356820
383,1620389985.474760,1620389985.493363
384,1620389985.610282,1620389985.628475
385,1620389985.766987,1620389985.785620
386,1620389985.902527,1620389985.920981
387,1620389986.038833,1620389986.057458
388,1620389986.178764,1620389986.197627
389,1620389986.314944,1620389986.333876
390,1620389986.451524,1620389986.470029
391,1620389986.582697,1620389986.601630
392,1620389986.730738,1620389986.749831
393,1620389986.878601,1620389986.896995
394,1620389987.011066,1620389987.029222
395,1620389987.138634,1620389987.157283
396,1620389987.270890,1620389987.289399
397,1620389987.406755,1620389987.425613
398,1620389987.554953,1620389987.573710
399,1620389987.698722,1620389987.717502
400,1620389987.838611,1620389987.856954
401,1620389987.982612,1620389988.000632
402,1620389988.114628,1620389988.132845
403,1620389988.254584,1620389988.272564
404,1620389988.391337,1620389988.409553
405,1620389988.526512,1620389988.544552
406,1620389988.662778,1620389988.681400
407,1620389988.806441,1620389988.824322
408,1620389988.938861,1620389988.957432
409,1620389989.074274,1620389989.092210
410,1620389989.210469,1620389989.228545
411,1620389989.354296,1620389989.372729
412,1620389989.490609,1620389989.509197
413,1620389989.630354,1620389989.648548
414,1620389989.774576,1620389989.792995
415,1620389989.918067,1620389989.936347
416,1620389990.062440,1620389990.080369
417,1620389990.194535,1620389990.212452
418,1620389990.323143,1620389990.342147
419,1620389990.458370,1620389990.476278
420,1620389990.594291,1620389990.613446
421,1620389990.742634,1620389990.760804
422,1620389990.882444,1620389990.900916
423,1620389991.022823,1620389991.040696
424,1620389991.154567,1620389991.173371
425,1620389991.290598,1620389991.308803
426,1620389991.442868,1620389991.461123
427,1620389991.578643,1620389991.596563
428,1620389991.726524,1620389991.744760
429,1620389991.870275,1620389991.888655
430,1620389992.014318,1620389992.032378
431,1620389992.150875,1620389992.169053
432,1620389992.282525,1620389992.300785
433,1620389992.431574,1620389992.450609
434,1620389992.575037,1620389992.593756
435,1620389992.718529,1620389992.737530
436,1620389992.854514,1620389992.873478
437,1620389992.998681,1620389993.017088
438,1620389993.138735,1620389993.157073
439,1620389993.270410,1620389993.288517
440,1620389993.410641,1620389993.428972
441,1620389993.550675,1620389993.569065
442,1620389993.694446,1620389993.713099
443,1620389993.834656,1620389993.853238
444,1620389993.983086,1620389994.001183
445,1620389994.118428,1620389994.136778
446,1620389994.266423,1620389994.284480
447,1620389994.410866,1620389994.429659
448,1620389994.554662,1620389994.573010
449,1620389994.694595,1620389994.713589
450,1620389994.830634,1620389994.848755
451,1620389994.970532,1620389994.988610
452,1620389995.106516,1620389995.124597
453,1620389995.238619,1620389995.256703
454,1620389995.378330,1620389995.396510
455,1620389995.514708,1620389995.533397
456,1620389995.650174,1620389995.668525
457,1620389995.786801,1620389995.804769
458,1620389995.922205,1620389995.940578
459,1620389996.058290,1620389996.076668
460,1620389996.194811,1620389996.212993
461,1620389996.326488,1620389996.345032
462,1620389996.462713,1620389996.481136
463,1620389996.606787,1620389996.625440
464,1620389996.754311,1620389996.772526
465,1620389996.890785,1620389996.908967
466,1620389997.022255,1620389997.039937
467,1620389997.158965,1620389997.177375
468,1620389997.294331,1620389997.312998
469,1620389997.438213,1620389997.456594
470,1620389997.579026,1620389997.597526
471,1620389997.722713,1620389997.740951
472,1620389997.858474,1620389997.877027
473,1620389998.006349,1620389998.024246
474,1620389998.134297,1620389998.152662
475,1620389998.266107,1620389998.284454
476,1620389998.394833,1620389998.412893
477,1620389998.522811,1620389998.541169
478,1620389998.650186,1620389998.667732
479,1620389998.782142,1620389998.799790
480,1620389998.910885,1620389998.928545
481,1620389999.038241,1620389999.055921
482,1620389999.166597,1620389999.184415
483,1620389999.294170,1620389999.312193
484,1620389999.430128,1620389999.448097
485,1620389999.578511,1620389999.596698
486,1620389999.722287,1620389999.740537
487,1620389999.866136,1620389999.884188
488,1620390000.006017,1620390000.023922
489,1620390000.146697,1620390000.164265
490,1620390000.278390,1620390000.296617
491,1620390000.422798,1620390000.441050
492,1620390000.566636,1620390000.584628
493,1620390000.702487,1620390000.720677
494,1620390000.834537,1620390000.852729
495,1620390000.982612,1620390001.000541
496,1620390001.118561,1620390001.136941
497,1620390001.270401,1620390001.288449
498,1620390001.406779,1620390001.425200
499,1620390001.554303,1620390001.572462
500,1620390001.690162,1620390001.708457
501,1620390001.826490,1620390001.844782
502,1620390001.966003,1620390001.984023
503,1620390002.106554,1620390002.124689
504,1620390002.246349,1620390002.264513
505,1620390002.394932,1620390002.413693
506,1620390002.538903,1620390002.557552
507,1620390002.686585,1620390002.705153
508,1620390002.826140,1620390002.844441
509,1620390002.970211,1620390002.988370
510,1620390003.106224,1620390003.124772
511,1620390003.246275,1620390003.264322
512,1620390003.386045,1620390003.404059
513,1620390003.522589,1620390003.540821
514,1620390003.658248,1620390003.676370
515,1620390003.794324,1620390003.812285
516,1620390003.930648,1620390003.949095
517,1620390004.069971,1620390004.088193
518,1620390004.214270,1620390004.232288
519,1620390004.354889,1620390004.373508
520,1620390004.486179,1620390004.504400
521,1620390004.626330,1620390004.644459
522,1620390004.766620,1620390004.784745
523,1620390004.902148,1620390004.920138
524,1620390005.042522,1620390005.060731
525,1620390005.194606,1620390005.212557
526,1620390005.326090,1620390005.344188
527,1620390005.462170,1620390005.480018
528,1620390005.601967,1620390005.619927
529,1620390005.738635,1620390005.756930
530,1620390005.882259,1620390005.900187
531,1620390006.026237,1620390006.044280
532,1620390006.176263,1620390006.195886
533,1620390006.307185,1620390006.327032
534,1620390006.451447,1620390006.470310
535,1620390006.590864,1620390006.609747
536,1620390006.726719,1620390006.745514
537,1620390006.874315,1620390006.892988
538,1620390007.014570,1620390007.032343
539,1620390007.147013,1620390007.165869
540,1620390007.278512,1620390007.297060
541,1620390007.410588,1620390007.429252
542,1620390007.558263,1620390007.576718
543,1620390007.702008,1620390007.720376
544,1620390007.842581,1620390007.860994
545,1620390007.978200,1620390007.996627
546,1620390008.114753,1620390008.133096
547,1620390008.254064,1620390008.272306
548,1620390008.402707,1620390008.421526
549,1620390008.538603,1620390008.557031
550,1620390008.673982,1620390008.692218
551,1620390008.810706,1620390008.829263
552,1620390008.958469,1620390008.976624
553,1620390009.094082,1620390009.112179
554,1620390009.230188,1620390009.248261
555,1620390009.366730,1620390009.384844
556,1620390009.501984,1620390009.520296
557,1620390009.642173,1620390009.660292
558,1620390009.794185,1620390009.812430
559,1620390009.938728,1620390009.957186
560,1620390010.074303,1620390010.092730
561,1620390010.214144,1620390010.231772
562,1620390010.342800,1620390010.361420
563,1620390010.470280,1620390010.487948
564,1620390010.602688,1620390010.620813
565,1620390010.730776,1620390010.749069
566,1620390010.858559,1620390010.876385
567,1620390010.990322,1620390011.007922
568,1620390011.118653,1620390011.136959
569,1620390011.250493,1620390011.268582
570,1620390011.398699,1620390011.417484
571,1620390011.526515,1620390011.545906
572,1620390011.662515,1620390011.680725
573,1620390011.802816,1620390011.821255
574,1620390011.934076,1620390011.952246
575,1620390012.082247,1620390012.100331
576,1620390012.234679,1620390012.253356
577,1620390012.380217,1620390012.398810
578,1620390012.518789,1620390012.538018
579,1620390012.654826,1620390012.673427
580,1620390012.803506,1620390012.823395
581,1620390012.961298,1620390012.981342
582,1620390013.096639,1620390013.116913
583,1620390013.240767,1620390013.261454
584,1620390013.383004,1620390013.405104
585,1620390013.516630,1620390013.537253
586,1620390013.655567,1620390013.675489
587,1620390013.794914,1620390013.814729
588,1620390013.931568,1620390013.950436
589,1620390014.066775,1620390014.085540
590,1620390014.203265,1620390014.221618
591,1620390014.338716,1620390014.357017
592,1620390014.470686,1620390014.489311
593,1620390014.618506,1620390014.636883
594,1620390014.762610,1620390014.780787
595,1620390014.910258,1620390014.928400
596,1620390015.058259,1620390015.076227
597,1620390015.194245,1620390015.212573
598,1620390015.330165,1620390015.348201
599,1620390015.462613,1620390015.480257
600,1620390015.594221,1620390015.612383
601,1620390015.734473,1620390015.752750
602,1620390015.878057,1620390015.895938
603,1620390016.030170,1620390016.048041
604,1620390016.170541,1620390016.188520
605,1620390016.302666,1620390016.321337
606,1620390016.439004,1620390016.457785
607,1620390016.574842,1620390016.593641
608,1620390016.710443,1620390016.728879
609,1620390016.846932,1620390016.865396
610,1620390016.990789,1620390017.009675
611,1620390017.130324,1620390017.148866
612,1620390017.266691,1620390017.284825
613,1620390017.406756,1620390017.425469
614,1620390017.542570,1620390017.560943
615,1620390017.682346,1620390017.700837
616,1620390017.818730,1620390017.836818
617,1620390017.946292,1620390017.964886
618,1620390018.082717,1620390018.100742
619,1620390018.218504,1620390018.236961
620,1620390018.354964,1620390018.373452
621,1620390018.486485,1620390018.504474
622,1620390018.626165,1620390018.645045
623,1620390018.765999,1620390018.783917
624,1620390018.910209,1620390018.928143
625,1620390019.050810,1620390019.068522
626,1620390019.186051,1620390019.204010
627,1620390019.322444,1620390019.340665
628,1620390019.462572,1620390019.480286
629,1620390019.594162,1620390019.611989
630,1620390019.726465,1620390019.744457
631,1620390019.858545,1620390019.876142
632,1620390019.986314,1620390020.004642
633,1620390020.126866,1620390020.144967
634,1620390020.263630,1620390020.283185
635,1620390020.407648,1620390020.427117
636,1620390020.547194,1620390020.566343
637,1620390020.682690,1620390020.701295
638,1620390020.822746,1620390020.841412
639,1620390020.962235,1620390020.980395
640,1620390021.102547,1620390021.120834
641,1620390021.250330,1620390021.268347
642,1620390021.394804,1620390021.413348
643,1620390021.530681,1620390021.549192
644,1620390021.666848,1620390021.684888
645,1620390021.811112,1620390021.829737
646,1620390021.946383,1620390021.964383
647,1620390022.082852,1620390022.100952
648,1620390022.218925,1620390022.236909
649,1620390022.363063,1620390022.381579
650,1620390022.494877,1620390022.513290
651,1620390022.639121,1620390022.657408
652,1620390022.778398,1620390022.796078
653,1620390022.915177,1620390022.933818
654,1620390023.058463,1620390023.076231
655,1620390023.194694,1620390023.213320
656,1620390023.338525,1620390023.356546
657,1620390023.470986,1620390023.488789
658,1620390023.606339,1620390023.624010
659,1620390023.742753,1620390023.760777
660,1620390023.878854,1620390023.897030
661,1620390024.014419,1620390024.032351
662,1620390024.150595,1620390024.168499
663,1620390024.286370,1620390024.304568
664,1620390024.422911,1620390024.441099
665,1620390024.558612,1620390024.576957
666,1620390024.694769,1620390024.712742
667,1620390024.830209,1620390024.848353
668,1620390024.982324,1620390025.000232
669,1620390025.122366,1620390025.140855
670,1620390025.258168,1620390025.276166
671,1620390025.394539,1620390025.412834
672,1620390025.530606,1620390025.548711
673,1620390025.662159,1620390025.680124
674,1620390025.798362,1620390025.816309
675,1620390025.934193,1620390025.952182
676,1620390026.066001,1620390026.083881
677,1620390026.202366,1620390026.220788
678,1620390026.342517,1620390026.360901
679,1620390026.479050,1620390026.497710
680,1620390026.619024,1620390026.637593
681,1620390026.754297,1620390026.772553
682,1620390026.890742,1620390026.910201
683,1620390027.026783,1620390027.045403
684,1620390027.162873,1620390027.181568
685,1620390027.310748,1620390027.329296
686,1620390027.450903,1620390027.469903
687,1620390027.594637,1620390027.612552
688,1620390027.726364,1620390027.744887
689,1620390027.865890,1620390027.883828
690,1620390028.005928,1620390028.023878
691,1620390028.149927,1620390028.167765
692,1620390028.287196,1620390028.305327
693,1620390028.430980,1620390028.449195
694,1620390028.566523,1620390028.585069
695,1620390028.710913,1620390028.729418
696,1620390028.854996,1620390028.872798
697,1620390028.990652,1620390029.008772
698,1620390029.126072,1620390029.144049
699,1620390029.262402,1620390029.280319
700,1620390029.398527,1620390029.416642
701,1620390029.538566,1620390029.556820
702,1620390029.674893,1620390029.692744
703,1620390029.810410,1620390029.828168
704,1620390029.950255,1620390029.968705
705,1620390030.078035,1620390030.095726
706,1620390030.218486,1620390030.236757
707,1620390030.355133,1620390030.373353
708,1620390030.490323,1620390030.508431
709,1620390030.626794,1620390030.644924
710,1620390030.766637,1620390030.785157
711,1620390030.910769,1620390030.929234
712,1620390031.042413,1620390031.060349
713,1620390031.186496,1620390031.204501
714,1620390031.327230,1620390031.345660
715,1620390031.474555,1620390031.492735
716,1620390031.615180,1620390031.633231
717,1620390031.750515,1620390031.768556
718,1620390031.890850,1620390031.908839
719,1620390032.042884,1620390032.061055
720,1620390032.191188,1620390032.209675
721,1620390032.335079,1620390032.353676
722,1620390032.482933,1620390032.501086
723,1620390032.614698,1620390032.632995
724,1620390032.751161,1620390032.770217
725,1620390032.886735,1620390032.905421
726,1620390033.031502,1620390033.050860
727,1620390033.166997,1620390033.185381
728,1620390033.299065,1620390033.317399
729,1620390033.439272,1620390033.457611
730,1620390033.583031,1620390033.601524
731,1620390033.726950,1620390033.746006
732,1620390033.867064,1620390033.885267
733,1620390034.006597,1620390034.025369
734,1620390034.142689,1620390034.161384
735,1620390034.286520,1620390034.304629
736,1620390034.434746,1620390034.452671
737,1620390034.574510,1620390034.592604
738,1620390034.718489,1620390034.737093
739,1620390034.862993,1620390034.881181
740,1620390035.010840,1620390035.029238
741,1620390035.146984,1620390035.165024
742,1620390035.294074,1620390035.312643
743,1620390035.438352,1620390035.456129
744,1620390035.582840,1620390035.600468
745,1620390035.722326,1620390035.740364
746,1620390035.870564,1620390035.888871
747,1620390036.021987,1620390036.040224
748,1620390036.158788,1620390036.176581
749,1620390036.307137,1620390036.325308
750,1620390036.439219,1620390036.458036
751,1620390036.574600,1620390036.593270
752,1620390036.714540,1620390036.732746
753,1620390036.854175,1620390036.872626
754,1620390037.002794,1620390037.021650
755,1620390037.138631,1620390037.157739
756,1620390037.278881,1620390037.297690
757,1620390037.414959,1620390037.433849
758,1620390037.551047,1620390037.570114
759,1620390037.686738,1620390037.705440
760,1620390037.822917,1620390037.841882
761,1620390037.958730,1620390037.977696
762,1620390038.090844,1620390038.109310
763,1620390038.222684,1620390038.241357
764,1620390038.354822,1620390038.373470
765,1620390038.486550,1620390038.505188
766,1620390038.634574,1620390038.653062
767,1620390038.770741,1620390038.789274
768,1620390038.910873,1620390038.929138
769,1620390039.046634,1620390039.065050
770,1620390039.182542,1620390039.201057
771,1620390039.322631,1620390039.341418
772,1620390039.462521,1620390039.481016
773,1620390039.602548,1620390039.621038
774,1620390039.734341,1620390039.752965
775,1620390039.866538,1620390039.885076
776,1620390040.006432,1620390040.024830
777,1620390040.142756,1620390040.161290
778,1620390040.278426,1620390040.296992
779,1620390040.418743,1620390040.437541
780,1620390040.555003,1620390040.573845
781,1620390040.694761,1620390040.713374
782,1620390040.838730,1620390040.857375
783,1620390040.978485,1620390040.997233
784,1620390041.117937,1620390041.135855
785,1620390041.254074,1620390041.272095
786,1620390041.390482,1620390041.408382
787,1620390041.522060,1620390041.540238
788,1620390041.658349,1620390041.676314
789,1620390041.798509,1620390041.816178
790,1620390041.926330,1620390041.944302
791,1620390042.062546,1620390042.081112
792,1620390042.210846,1620390042.229885
793,1620390042.355345,1620390042.374450
794,1620390042.494736,1620390042.513501
795,1620390042.631107,1620390042.649648
796,1620390042.767118,1620390042.785949
797,1620390042.902576,1620390042.921227
798,1620390043.038535,1620390043.056899
799,1620390043.174493,1620390043.193248
800,1620390043.314549,1620390043.333029
801,1620390043.450448,1620390043.468940
802,1620390043.610761,1620390043.629538
803,1620390043.754274,1620390043.773064
804,1620390043.890785,1620390043.909249
805,1620390044.026400,1620390044.044967
806,1620390044.162584,1620390044.181122
807,1620390044.298742,1620390044.317470
808,1620390044.438800,1620390044.457546
809,1620390044.582483,1620390044.601189
810,1620390044.726441,1620390044.744967
811,1620390044.862588,1620390044.881260
812,1620390045.010315,1620390045.029104
813,1620390045.146467,1620390045.165143
814,1620390045.286581,1620390045.305085
815,1620390045.422512,1620390045.441056
816,1620390045.558518,1620390045.577149
817,1620390045.690551,1620390045.708948
818,1620390045.826263,1620390045.845001
819,1620390045.962299,1620390045.980916
820,1620390046.098561,1620390046.117320
821,1620390046.234190,1620390046.252820
822,1620390046.371125,1620390046.389778
823,1620390046.507094,1620390046.525855
824,1620390046.642865,1620390046.661457
825,1620390046.778721,1620390046.797096
826,1620390046.914695,1620390046.933198
827,1620390047.050547,1620390047.069182
828,1620390047.186531,1620390047.204672
829,1620390047.322315,1620390047.340885
830,1620390047.466807,1620390047.485282
831,1620390047.610458,1620390047.628739
832,1620390047.750781,1620390047.768890
833,1620390047.886352,1620390047.904832
834,1620390048.026359,1620390048.044522
835,1620390048.162437,1620390048.180504
836,1620390048.298432,1620390048.317098
837,1620390048.438750,1620390048.457613
838,1620390048.586322,1620390048.604308
839,1620390048.722599,1620390048.741078
840,1620390048.866228,1620390048.884571
841,1620390049.002466,1620390049.020437
842,1620390049.138212,1620390049.156668
843,1620390049.286325,1620390049.304462
844,1620390049.430277,1620390049.448084
845,1620390049.570347,1620390049.588471
846,1620390049.714313,1620390049.732802
847,1620390049.866016,1620390049.883992
848,1620390050.018196,1620390050.036079
849,1620390050.154489,1620390050.172557
850,1620390050.294325,1620390050.313012
851,1620390050.438345,1620390050.456586
852,1620390050.574501,1620390050.592571
853,1620390050.710258,1620390050.728532
854,1620390050.850140,1620390050.867935
855,1620390050.990344,1620390051.008325
856,1620390051.134335,1620390051.152733
857,1620390051.282076,1620390051.299999
858,1620390051.422403,1620390051.440496
859,1620390051.558552,1620390051.576973
860,1620390051.702330,1620390051.720138
861,1620390051.846447,1620390051.864729
862,1620390051.986538,1620390052.005167
863,1620390052.122493,1620390052.140535
864,1620390052.258203,1620390052.276283
865,1620390052.395359,1620390052.413638
866,1620390052.523318,1620390052.542401
867,1620390052.658932,1620390052.677759
868,1620390052.795102,1620390052.814140
869,1620390052.934636,1620390052.953317
870,1620390053.070692,1620390053.089353
871,1620390053.214645,1620390053.233471
872,1620390053.354642,1620390053.373113
873,1620390053.494803,1620390053.513380
874,1620390053.634061,1620390053.652148
875,1620390053.778074,1620390053.796515
876,1620390053.918546,1620390053.936681
877,1620390054.062284,1620390054.080413
878,1620390054.202588,1620390054.220882
879,1620390054.338443,1620390054.356512
880,1620390054.474600,1620390054.492705
881,1620390054.614204,1620390054.632131
882,1620390054.750040,1620390054.767957
883,1620390054.890319,1620390054.908438
884,1620390055.030595,1620390055.048394
885,1620390055.166217,1620390055.184263
886,1620390055.302277,1620390055.320310
887,1620390055.438314,1620390055.456051
888,1620390055.570252,1620390055.589006
889,1620390055.706081,1620390055.724954
890,1620390055.842598,1620390055.860681
891,1620390055.994417,1620390056.012698
892,1620390056.138670,1620390056.156616
893,1620390056.274371,1620390056.292397
894,1620390056.422696,1620390056.440891
895,1620390056.566600,1620390056.585618
896,1620390056.702435,1620390056.720672
897,1620390056.838413,1620390056.856529
898,1620390056.983472,1620390057.001490
899,1620390057.122469,1620390057.141218
900,1620390057.262631,1620390057.280709
901,1620390057.394781,1620390057.413042
902,1620390057.526698,1620390057.545339
903,1620390057.670774,1620390057.688991
904,1620390057.814333,1620390057.832485
905,1620390057.950629,1620390057.968532
906,1620390058.086335,1620390058.104318
907,1620390058.226563,1620390058.244873
908,1620390058.366721,1620390058.384722
909,1620390058.498590,1620390058.516544
910,1620390058.630281,1620390058.648010
911,1620390058.766088,1620390058.784059
912,1620390058.906321,1620390058.924282
913,1620390059.046501,1620390059.064273
914,1620390059.174487,1620390059.192251
915,1620390059.302115,1620390059.319986
916,1620390059.434548,1620390059.452274
917,1620390059.562692,1620390059.580854
918,1620390059.698021,1620390059.715915
919,1620390059.838421,1620390059.856052
920,1620390059.969925,1620390059.987502
921,1620390060.122131,1620390060.139969
922,1620390060.262047,1620390060.279976
923,1620390060.394809,1620390060.412633
924,1620390060.522518,1620390060.541240
925,1620390060.662444,1620390060.680544
926,1620390060.794558,1620390060.812925
927,1620390060.926515,1620390060.944672
928,1620390061.074342,1620390061.092132
929,1620390061.202365,1620390061.220175
930,1620390061.338325,1620390061.357113
931,1620390061.474151,1620390061.492193
932,1620390061.618364,1620390061.636761
933,1620390061.761814,1620390061.779932
934,1620390061.905931,1620390061.923650
935,1620390062.050296,1620390062.068523
936,1620390062.194691,1620390062.212849
937,1620390062.330331,1620390062.348810
938,1620390062.471022,1620390062.489467
939,1620390062.610950,1620390062.629185
940,1620390062.747058,1620390062.765926
941,1620390062.894698,1620390062.913529
942,1620390063.038766,1620390063.057394
943,1620390063.182648,1620390063.201411
944,1620390063.318750,1620390063.337482
945,1620390063.462798,1620390063.481393
946,1620390063.594624,1620390063.613548
947,1620390063.726592,1620390063.745219
948,1620390063.878790,1620390063.897597
949,1620390064.018415,1620390064.037013
950,1620390064.170562,1620390064.189235
951,1620390064.310717,1620390064.329484
952,1620390064.454483,1620390064.473371
953,1620390064.598369,1620390064.617037
954,1620390064.742222,1620390064.760161
955,1620390064.890535,1620390064.908539
956,1620390065.034258,1620390065.052858
957,1620390065.170823,1620390065.189440
958,1620390065.310139,1620390065.328360
959,1620390065.450418,1620390065.468896
960,1620390065.602061,1620390065.619881
961,1620390065.738038,1620390065.755910
962,1620390065.882629,1620390065.900767
963,1620390066.022027,1620390066.040007
964,1620390066.158293,1620390066.176091
965,1620390066.302434,1620390066.321025
966,1620390066.442609,1620390066.461488
967,1620390066.578975,1620390066.597381
968,1620390066.707323,1620390066.725669
969,1620390066.842359,1620390066.860533
970,1620390066.970704,1620390066.988204
971,1620390067.102273,1620390067.119742
972,1620390067.238627,1620390067.256654
973,1620390067.378502,1620390067.396943
974,1620390067.510610,1620390067.528994
975,1620390067.646402,1620390067.664800
976,1620390067.778798,1620390067.797292
977,1620390067.910943,1620390067.929478
978,1620390068.050447,1620390068.068343
979,1620390068.182865,1620390068.200791
980,1620390068.318868,1620390068.336919
981,1620390068.450265,1620390068.468474
982,1620390068.590670,1620390068.609137
983,1620390068.726340,1620390068.745233
984,1620390068.871371,1620390068.890527
985,1620390069.006919,1620390069.025413
986,1620390069.150645,1620390069.169286
987,1620390069.286466,1620390069.304663
988,1620390069.422943,1620390069.440428
989,1620390069.554629,1620390069.572771
990,1620390069.690534,1620390069.708378
991,1620390069.826567,1620390069.844813
992,1620390069.970663,1620390069.988610
993,1620390070.106296,1620390070.124126
994,1620390070.246593,1620390070.264499
995,1620390070.382596,1620390070.400803
996,1620390070.530998,1620390070.549238
997,1620390070.666814,1620390070.685115
998,1620390070.806554,1620390070.824755
999,1620390070.942150,1620390070.961136
